Business Name,Phone Number,Website URL
Bartlesville roofing Specialists,(918) 520-6786,www.bartlesvilleroofingsbartle.biz
Quality roofing & Sons,(918) 375-6456,www.qualityroofingandsonbartle.net
Premier roofing of Bartlesville,(918) 868-3206,www.premierroofingofbartbartle.net
Master roofing Group,(918) 344-7012,www.masterroofingbartle.net
Pro roofing LLC,(918) 340-9223,www.proroofingllcbartle.co
Trusted roofing Services,(918) 583-8452,www.trustedroofingservicbartle.com
Top Tier roofing LLC,(918) 331-3381,www.toptierroofingllcbartle.co
Dependable roofing Pros,(918) 987-8360,www.dependableroofingprobartle.co
Bartlesville roofing Pros,(918) 595-4174,www.bartlesvilleroofingpbartle.com
roofing King of Bartlesville,(918) 490-3241,www.roofingkingofbartlesbartle.net
